id,legacy_id,type,batching_type,is_serial_numbered,service_id,dropshipping_type,sync_stock,include_component_stock_level,fulfilment_client_id,sku,secondary_sku,sku_hash,vendor_sku,chapi_id,stock_level,stock_level_open,stock_level_global_available,stock_level_available,stock_warn_level,item_barcode,item_barcode_2,item_barcode_3,item_barcode_4,item_barcode_5,thumbnail_url,single_parcel_per_item,name,product_weight,product_height,product_width,product_length,product_box_type,product_box_quantity,picking_by_packaging,default_packaging_id,description,country_of_origin,hs_code,customs_description,unit_price,cost_price,shipping_service_id,zone,multiplier,include_po_stock,custom_fields,dynamic_components_type,is_archived,archived_sync_stock,temp_image_url,ghost_asset,master_dropshipping,include_po_level,fabric_content,low_stock_email_sent_time,vat_rate_percentage,stock_update_scheduled_at,created_at,updated_at,dont_sync_until,assembly_notes,customs_value,mid_id,locations,image,images,supplier_links,accounting_options
2623,,1,0,0,,0,1,0,8,43702863003839,,b70ea0210aa3a4e27952e100467e1931,,20c50e92-b542-4aff-8985-be82a0da907d,0,1,-1,0,0,199874503691,,,,,https://makeandsupplyltd.myhelm.app/storage/thumbnails/2623.png?v=1790553405,0,"One Size Crinkle Swimsuit, Maternity & Postpartum - Golden Sage",0.250,0.0,0.0,0.0,1,1,0,0,,GB,61124100,Swimwear,169.9000,,0,,1,0,{},0,0,,,0,0,1,,0,20.0000,2026-09-28 05:56:49,2026-07-06 20:24:29,2026-09-28 05:57:13,,,,,"[{""id"":9565,""type_id"":103,""parent_location_id"":null,""legacy_id"":null,""location_name"":""ML-C-06-05"",""priority"":1004,""pickable"":1,""allow_box_splitting"":1,""allow_negative"":0,""on_hand_stock"":1,""warehouse_id"":7,""deleted"":0,""deleted_at"":null,""created_at"":""2026-07-28 18:19:38"",""updated_at"":""2026-09-28 05:56:49"",""iso_countries"":""[]"",""barcode"":""ML-C-06-05"",""inventory_id"":2623,""location_id"":4653,""stock_level"":0,""stock_level_available"":0,""stock_max_level"":0,""stock_warn_level"":0,""location_priority"":2004},{""id"":11789,""type_id"":101,""parent_location_id"":7,""legacy_id"":null,""location_name"":""UK-01-GOODS IN"",""priority"":1005,""pickable"":1,""allow_box_splitting"":1,""allow_negative"":0,""on_hand_stock"":1,""warehouse_id"":7,""deleted"":0,""deleted_at"":null,""created_at"":""2026-09-23 12:03:07"",""updated_at"":""2026-09-28 05:56:49"",""iso_countries"":""[]"",""barcode"":""UK-01-GOODS IN"",""inventory_id"":2623,""location_id"":3711,""stock_level"":0,""stock_level_available"":0,""stock_max_level"":0,""stock_warn_level"":0,""location_priority"":1500}]",https://makeandsupplyltd.myhelm.app/storage/thumbnails/2623.png?v=1790553405,"[""https://s3.eu-central-003.backblazeb2.com/helm-public/inventory-uploads/1c4bcb072cb9e7276764fb93bbae87512e40d5cf/dl_image_ynqeAm_1790130794.png""]","[{""id"":759,""contact_id"":5802,""inventory_id"":2623,""active"":1,""primary_supplier"":0,""cost_price"":""0.0000"",""supplier_reference"":""43702863003839"",""minimum_order_quantity"":1,""minimum_pack_quantity"":1,""created_at"":""2026-07-10 19:19:10"",""updated_at"":""2026-07-10 19:19:10"",""supplier_name"":""Maris and Sol""}]",[]
1787,,1,0,0,,0,1,0,1,Z10_MA,Z10-MA,967dad820e488195ba1ee15759c3fec4,,84fe7a39-1d0b-4917-9a8b-a43f6970bdc7,1,2,-1,0,0,5.06502E+12,Z10-MA,,,,https://makeandsupplyltd.myhelm.app/storage/thumbnails/1787.jpg?v=1790407364,0,YUMMYZINE | ISSUE 10 - Miguel Albarran,1.200,0.0,0.0,0.0,1,1,0,0,,GB,49029000,"Bound Photobook with cover, printed with paper",6.0000,,0,,1,0,"{""sku-status-5"":""LIVE""}",0,0,1,,0,0,0,,0,20.0000,2026-09-28 05:56:50,2025-11-14 16:18:15,2026-09-28 05:57:13,,,,,"[{""id"":1729,""type_id"":103,""parent_location_id"":null,""legacy_id"":null,""location_name"":""ML-D-01-13"",""priority"":1000,""pickable"":1,""allow_box_splitting"":1,""allow_negative"":0,""on_hand_stock"":1,""warehouse_id"":7,""deleted"":0,""deleted_at"":null,""created_at"":""2026-01-13 23:49:47"",""updated_at"":""2026-09-28 05:56:50"",""iso_countries"":""[]"",""barcode"":""ML-D-01-13"",""inventory_id"":1787,""location_id"":2518,""stock_level"":1,""stock_level_available"":0,""stock_max_level"":50,""stock_warn_level"":10,""location_priority"":1000}]",https://makeandsupplyltd.myhelm.app/storage/thumbnails/1787.jpg?v=1790407364,"[""https://s3.eu-central-003.backblazeb2.com/helm-public/inventory-uploads/ecb9e086c9856d75f78440107e6b98992167294a/dl_image_eR4TAA_1790407283.jpg""]","[{""id"":122,""contact_id"":52,""inventory_id"":1787,""active"":1,""primary_supplier"":1,""cost_price"":""0.0000"",""supplier_reference"":""Z10_MA"",""minimum_order_quantity"":1,""minimum_pack_quantity"":1,""created_at"":""2025-12-13 23:20:34"",""updated_at"":""2025-12-13 23:20:34"",""supplier_name"":""AlexSandover Ltd""}]",[]
4610,,1,0,0,,0,1,0,1,YL-BRYCE-04,,5c48e7aebe7d5d40e9969a6a860f0a35,,68bfe84b-7953-4031-8b2c-0b6269ff077b,0,26,-26,0,0,,,,,,https://makeandsupplyltd.myhelm.app/storage/thumbnails/4610.png?v=1790566945,0,"BRYCE | YUMMY LIMITED, ISSUE FOUR (Limited Edition Book Series) Book",2.000,0.0,0.0,0.0,5,1,0,0,,GB,490199,,100.0000,,0,,1,0,{},0,0,,,0,0,0,,0,20.0000,2026-09-27 23:57:22,2026-09-18 16:30:41,2026-09-28 05:56:50,,,,,[],https://makeandsupplyltd.myhelm.app/storage/thumbnails/4610.png?v=1790566945,"[""https://s3.eu-central-003.backblazeb2.com/helm-public/inventory-uploads/311b8de46797b522699b15ec320976a10ae090c5/dl_image_5wQ3NJ_1790549929.png""]",[],[]
4623,,1,0,0,,0,1,0,1,Y13-SK,,ec64a4b0524cc21285269c0190ddb914,,9887353f-c454-4636-af4a-d0e37823c67a,0,1,-1,0,0,,,,,,https://makeandsupplyltd.myhelm.app/storage/thumbnails/4623.png?v=1790566946,0,YUMMY | ISSUE THIRTEEN Sergey Kharkov,2.000,0.0,0.0,0.0,5,1,0,0,,GB,490290,,100.0000,,0,,1,0,{},0,0,,,0,0,0,,0,20.0000,2026-09-27 19:36:15,2026-09-24 16:36:18,2026-09-28 05:56:50,,,,,[],https://makeandsupplyltd.myhelm.app/storage/thumbnails/4623.png?v=1790566946,"[""https://s3.eu-central-003.backblazeb2.com/helm-public/inventory-uploads/827ccd2236006eaccbf75708a92b7b31a23889b6/dl_image_JgleOm_1790351289.png""]",[],[]
3260,,1,0,0,,0,1,0,4,PS-FS-BK-03,,c8ae689b4b527daca691386fc47b369b,,5a474fce-e8a5-487d-8705-41245fc809ae,0,63,-63,0,0,5065025866906,,,,,https://makeandsupplyltd.myhelm.app/storage/thumbnails/3260.png?v=1790358573,0,Pioneer Sports Hoof Boot Single Slim (03 SLIM),0.600,0.0,0.0,0.0,1,1,0,0,,CN,4202129990,"Saddlery and harness for any animal (including traces, leads, knee pads, muzzles, saddle-cloths, saddlebags, dog coats and the like), of any material ",115.2000,,0,,1,0,{},0,0,,,0,0,0,,0,20.0000,2026-09-25 18:48:14,2026-08-05 17:21:37,2026-09-28 05:56:50,,,,,[],https://makeandsupplyltd.myhelm.app/storage/thumbnails/3260.png?v=1790358573,"[""https://s3.eu-central-003.backblazeb2.com/helm-public/inventory-uploads/e6a06ee0219cdc6ff5ed3b2791b7d14831a33cf5/dl_image_EPfj7V_1790358501.png""]","[{""id"":993,""contact_id"":3745,""inventory_id"":3260,""active"":1,""primary_supplier"":0,""cost_price"":""0.0000"",""supplier_reference"":""PS-FS-BK-03"",""minimum_order_quantity"":1,""minimum_pack_quantity"":1,""created_at"":""2026-08-05 19:13:52"",""updated_at"":""2026-08-05 19:13:52"",""supplier_name"":""Lucky Cat Footwear Consultancy Ltd""}]",[]
4600,,1,0,0,,0,1,0,1,Y13-LT,,f233b8000da4cd99b7f4f64a77a78944,,2526ede0-1e89-44ea-9e10-b62bc17f3d36,0,1,-1,0,0,,,,,,https://makeandsupplyltd.myhelm.app/storage/thumbnails/4600.jpg?v=1790566944,0,YUMMY | ISSUE THIRTEEN Lucas Thomaz,2.000,0.0,0.0,0.0,5,1,0,0,,GB,490290,,70.0000,,0,,1,0,{},0,0,,,0,0,0,,0,20.0000,2026-09-26 08:21:12,2026-09-15 16:27:21,2026-09-28 05:56:50,,,,,[],https://makeandsupplyltd.myhelm.app/storage/thumbnails/4600.jpg?v=1790566944,"[""https://s3.eu-central-003.backblazeb2.com/helm-public/inventory-uploads/f98d5e2edbe07f7d56644f4cc4792929b155461c/dl_image_P86tpm_1790091373.jpg""]",[],[]
2560,,1,0,0,,0,1,0,1,Z13-JG,,ad9e219aa96fe05c39ed292b65ded1e5,,d4806d3d-c2b2-408b-b405-9a6b20535f89,0,46,-46,0,0,,,,,,https://makeandsupplyltd.myhelm.app/storage/thumbnails/2560.png?v=1790566938,0,YUMMYZINE | ISSUE 13 Limited Edition Cover: Joan Güell,0.000,0.0,0.0,0.0,1,1,0,0,,GB,49029000,"Bound Photobook with cover, printed with paper",42.0000,,0,,1,0,"{""sku-status-5"":""PRE-ORDER""}",0,0,,,0,0,0,,0,20.0000,2026-09-22 20:30:20,2026-06-18 21:39:27,2026-09-28 05:56:49,,,,,[],https://makeandsupplyltd.myhelm.app/storage/thumbnails/2560.png?v=1790566938,"[""https://s3.eu-central-003.backblazeb2.com/helm-public/inventory-uploads/8307f247b941359e064b35f3f3bc7633e2a689fd/dl_image_3BGF1c_1790105499.jpg"",""https://s3.eu-central-003.backblazeb2.com/helm-public/inventory-uploads/8307f247b941359e064b35f3f3bc7633e2a689fd/dl_image_Y1ttPc_1790480510.png""]",[],[]
4612,,1,0,0,,0,1,0,1,BRYCE-YL04-BD,,b35d07afbcd85bd680f94dd29642d61a,,de384b8b-2ae2-45b4-af81-e631ff0b5c67,0,2,-2,0,0,,,,,,https://makeandsupplyltd.myhelm.app/storage/thumbnails/4612.jpg?v=1790566946,0,"BRYCE | YUMMY LIMITED, ISSUE FOUR (Limited Edition Book Series) Book + Digital Book  (via active Yummy+ subscription)",2.000,0.0,0.0,0.0,5,1,0,0,,GB,490199,,180.0000,,0,,1,0,{},0,0,,,0,0,0,,0,20.0000,2026-09-20 19:48:06,2026-09-18 16:30:42,2026-09-28 05:56:49,,,,,[],https://makeandsupplyltd.myhelm.app/storage/thumbnails/4612.jpg?v=1790566946,"[""https://s3.eu-central-003.backblazeb2.com/helm-public/inventory-uploads/3b4fb3ea6d53bdf02563e11f2fe3f9dd50a29030/dl_image_hzJ7cp_1789930089.png"",""https://s3.eu-central-003.backblazeb2.com/helm-public/inventory-uploads/3b4fb3ea6d53bdf02563e11f2fe3f9dd50a29030/dl_image_ar0usG_1790480515.jpg""]",[],[]
4377,,1,0,0,,0,1,0,4,PS-F-FKS-06,,64d45df0ac9c748ef8baf75cf2b88f94,,22dcc67f-26ac-4797-94ac-a24ae4895be6,3,10,-7,0,0,PS-F-FKS-06,,,,,https://makeandsupplyltd.myhelm.app/storage/thumbnails/4377.jpg?v=1789679680,0,Pioneer Sports Fit Kit Boot Single 06,0.000,0.0,0.0,0.0,1,1,0,0,,CN,4202129990,"Saddlery and harness for any animal (including traces, leads, knee pads, muzzles, saddle-cloths, saddlebags, dog coats and the like), of any material ",12.0000,,0,,1,0,{},0,0,,,0,0,0,,0,20.0000,2026-09-28 05:56:49,2026-08-12 12:24:21,2026-09-28 05:56:49,,,,,"[{""id"":11358,""type_id"":103,""parent_location_id"":null,""legacy_id"":null,""location_name"":""PR-KK-02-C-05"",""priority"":1001,""pickable"":1,""allow_box_splitting"":1,""allow_negative"":0,""on_hand_stock"":1,""warehouse_id"":7,""deleted"":0,""deleted_at"":null,""created_at"":""2026-09-11 00:38:56"",""updated_at"":""2026-09-28 05:56:49"",""iso_countries"":""[]"",""barcode"":""PR-KK-02-C-05"",""inventory_id"":4377,""location_id"":4751,""stock_level"":3,""stock_level_available"":0,""stock_max_level"":0,""stock_warn_level"":0,""location_priority"":11}]",https://makeandsupplyltd.myhelm.app/storage/thumbnails/4377.jpg?v=1789679680,"[""https://s3.eu-central-003.backblazeb2.com/helm-public/inventory-uploads/242d8cc808f476dfb5d5092e265766213a6a38c0/dl_image_3DX2Xr_1789679625.jpg""]","[{""id"":1409,""contact_id"":3745,""inventory_id"":4377,""active"":1,""primary_supplier"":0,""cost_price"":""0.0000"",""supplier_reference"":""PS-F-FKS-06"",""minimum_order_quantity"":1,""minimum_pack_quantity"":1,""created_at"":""2026-08-27 22:40:29"",""updated_at"":""2026-08-27 22:40:29"",""supplier_name"":""Lucky Cat Footwear Consultancy Ltd""}]",[]
2624,,1,0,0,,0,1,0,8,43702863069375,,8236fd2b577ba3f87d83e9e4b1947770,,e503c833-bf44-419a-a343-55bb08414006,0,1,-1,0,0,199874855400,199874855400,,,,https://makeandsupplyltd.myhelm.app/storage/thumbnails/2624.png?v=1790553406,0,"One Size Crinkle Swimsuit, Maternity & Postpartum - Cornflower Blue",0.250,0.0,0.0,0.0,1,1,0,0,,GB,51124100,Swimwear,169.9000,,0,,1,0,{},0,0,,,0,0,1,,0,20.0000,2026-09-23 03:33:09,2026-07-06 20:24:29,2026-09-28 05:56:49,,,,,[],https://makeandsupplyltd.myhelm.app/storage/thumbnails/2624.png?v=1790553406,"[""https://s3.eu-central-003.backblazeb2.com/helm-public/inventory-uploads/4864d3668e99e46c0ab2192160a77281fe2a9c02/dl_image_dMldkJ_1790130792.png"",""https://s3.eu-central-003.backblazeb2.com/helm-public/inventory-uploads/4864d3668e99e46c0ab2192160a77281fe2a9c02/dl_image_sia6iq_1790164612.png""]","[{""id"":757,""contact_id"":5802,""inventory_id"":2624,""active"":1,""primary_supplier"":0,""cost_price"":""0.0000"",""supplier_reference"":""43702863069375"",""minimum_order_quantity"":1,""minimum_pack_quantity"":1,""created_at"":""2026-07-10 19:18:08"",""updated_at"":""2026-07-10 19:18:08"",""supplier_name"":""Maris and Sol""}]",[]
3257,,1,0,0,,0,1,0,4,PS-FS-BK-06,,14c5482e76cbd5a1d1f1cf3b065fac4c,,2e193adf-5f91-4b89-9d81-3c2388d23355,0,34,-34,0,0,5065025866968,PS-FS-BK-06,,,,https://makeandsupplyltd.myhelm.app/storage/defaults/no-image.png,0,Pioneer Sports Hoof Boot Single Slim (06 SLIM),0.700,0.0,0.0,0.0,1,1,0,0,,CN,4202129990,"Saddlery and harness for any animal (including traces, leads, knee pads, muzzles, saddle-cloths, saddlebags, dog coats and the like), of any material ",115.2000,,0,,1,0,{},0,0,,,0,0,0,,0,20.0000,2026-09-27 22:04:22,2026-08-05 17:21:37,2026-09-28 05:56:49,,,,,"[{""id"":11326,""type_id"":103,""parent_location_id"":null,""legacy_id"":null,""location_name"":""PR-KK-01-B-05"",""priority"":1006,""pickable"":0,""allow_box_splitting"":1,""allow_negative"":0,""on_hand_stock"":0,""warehouse_id"":7,""deleted"":0,""deleted_at"":null,""created_at"":""2026-09-10 19:22:23"",""updated_at"":""2026-09-27 22:04:22"",""iso_countries"":""[]"",""barcode"":""PR-KK-01-B-05"",""inventory_id"":3257,""location_id"":4705,""stock_level"":31,""stock_level_available"":31,""stock_max_level"":0,""stock_warn_level"":0,""location_priority"":1},{""id"":11332,""type_id"":3,""parent_location_id"":null,""legacy_id"":null,""location_name"":""PR-KK-01-A-01"",""priority"":1007,""pickable"":0,""allow_box_splitting"":1,""allow_negative"":0,""on_hand_stock"":0,""warehouse_id"":7,""deleted"":0,""deleted_at"":null,""created_at"":""2026-09-10 20:07:47"",""updated_at"":""2026-09-27 22:04:22"",""iso_countries"":""[]"",""barcode"":""PR-KK-01-A-01"",""inventory_id"":3257,""location_id"":4756,""stock_level"":35,""stock_level_available"":35,""stock_max_level"":0,""stock_warn_level"":0,""location_priority"":21}]",https://makeandsupplyltd.myhelm.app/storage/defaults/no-image.png,"[""https://s3.eu-central-003.backblazeb2.com/helm-public/inventory-uploads/e70c2e8b3e84d2580c92c964daeac056217d46fd/dl_image_y6iBNR_1790091375.png""]","[{""id"":990,""contact_id"":3745,""inventory_id"":3257,""active"":1,""primary_supplier"":0,""cost_price"":""0.0000"",""supplier_reference"":""PS-FS-BK-06"",""minimum_order_quantity"":1,""minimum_pack_quantity"":1,""created_at"":""2026-08-05 19:11:42"",""updated_at"":""2026-08-05 19:11:42"",""supplier_name"":""Lucky Cat Footwear Consultancy Ltd""}]",[]
3261,,1,0,0,,0,1,0,4,PS-FS-BK-02,,a30da78fbfe6b42c12f58e6714dd5149,,0524df91-a00c-4774-a795-fb987603a168,0,25,-25,0,0,5065025866920,,,,,https://makeandsupplyltd.myhelm.app/storage/defaults/no-image.png,0,Pioneer Sports Hoof Boot Single Slim (02 SLIM),0.600,0.0,0.0,0.0,1,1,0,0,,CN,4202129990,"Saddlery and harness for any animal (including traces, leads, knee pads, muzzles, saddle-cloths, saddlebags, dog coats and the like), of any material ",115.2000,,0,,1,0,{},0,0,,,0,0,0,,0,20.0000,2026-09-28 05:56:49,2026-08-05 17:21:37,2026-09-28 05:56:49,,,,,"[{""id"":11325,""type_id"":103,""parent_location_id"":null,""legacy_id"":null,""location_name"":""PR-KK-01-B-01"",""priority"":1004,""pickable"":0,""allow_box_splitting"":1,""allow_negative"":0,""on_hand_stock"":0,""warehouse_id"":7,""deleted"":0,""deleted_at"":null,""created_at"":""2026-09-10 19:10:58"",""updated_at"":""2026-09-27 22:04:23"",""iso_countries"":""[]"",""barcode"":""PR-KK-01-B-01"",""inventory_id"":3261,""location_id"":4701,""stock_level"":31,""stock_level_available"":31,""stock_max_level"":0,""stock_warn_level"":0,""location_priority"":1},{""id"":11559,""type_id"":101,""parent_location_id"":7,""legacy_id"":null,""location_name"":""UK-01-GOODS IN"",""priority"":1005,""pickable"":1,""allow_box_splitting"":1,""allow_negative"":0,""on_hand_stock"":1,""warehouse_id"":7,""deleted"":0,""deleted_at"":null,""created_at"":""2026-09-17 19:23:15"",""updated_at"":""2026-09-28 05:56:49"",""iso_countries"":""[]"",""barcode"":""UK-01-GOODS IN"",""inventory_id"":3261,""location_id"":3711,""stock_level"":0,""stock_level_available"":0,""stock_max_level"":0,""stock_warn_level"":0,""location_priority"":1500}]",https://makeandsupplyltd.myhelm.app/storage/defaults/no-image.png,"[""https://s3.eu-central-003.backblazeb2.com/helm-public/inventory-uploads/caff77e46bedc51de4ce44fdcfc54084ee9d10ed/dl_image_Wowt5V_1790091375.png""]","[{""id"":994,""contact_id"":3745,""inventory_id"":3261,""active"":1,""primary_supplier"":0,""cost_price"":""0.0000"",""supplier_reference"":""PS-FS-BK-02"",""minimum_order_quantity"":1,""minimum_pack_quantity"":1,""created_at"":""2026-08-05 19:14:10"",""updated_at"":""2026-08-05 19:14:10"",""supplier_name"":""Lucky Cat Footwear Consultancy Ltd""}]",[]
3272,,1,0,0,,0,1,0,4,PS-FS-FKS-06,,cefcba73aa769d3171caca198f91c580,,cb98defb-daa1-4811-9379-618bf9e9f9dc,0,16,-16,0,0,5065025866838,,,,,https://makeandsupplyltd.myhelm.app/storage/thumbnails/3272.jpg?v=1789679680,0,Pioneer Sports Fit Kit Boot Single (06 SLIM),0.600,0.0,0.0,0.0,1,1,0,0,,CN,4202129990,"Saddlery and harness for any animal (including traces, leads, knee pads, muzzles, saddle-cloths, saddlebags, dog coats and the like), of any material ",12.0000,,0,,1,0,{},0,0,,,0,0,1,,0,20.0000,2026-09-28 05:56:49,2026-08-07 11:48:28,2026-09-28 05:56:49,,,,,"[{""id"":10147,""type_id"":103,""parent_location_id"":null,""legacy_id"":null,""location_name"":""PR-KK-01-C-05"",""priority"":1002,""pickable"":1,""allow_box_splitting"":1,""allow_negative"":0,""on_hand_stock"":1,""warehouse_id"":7,""deleted"":0,""deleted_at"":null,""created_at"":""2026-08-08 15:11:00"",""updated_at"":""2026-09-28 05:56:49"",""iso_countries"":""[]"",""barcode"":""PR-KK-01-C-05"",""inventory_id"":3272,""location_id"":4711,""stock_level"":0,""stock_level_available"":0,""stock_max_level"":0,""stock_warn_level"":0,""location_priority"":1}]",https://makeandsupplyltd.myhelm.app/storage/thumbnails/3272.jpg?v=1789679680,"[""https://s3.eu-central-003.backblazeb2.com/helm-public/inventory-uploads/1e68b31e173034bd6a48a2bb4b619f1b2ad893b6/dl_image_XzDLLT_1789679625.jpg""]","[{""id"":1398,""contact_id"":3745,""inventory_id"":3272,""active"":1,""primary_supplier"":0,""cost_price"":""0.0000"",""supplier_reference"":""PS-FS-FKS-06"",""minimum_order_quantity"":1,""minimum_pack_quantity"":1,""created_at"":""2026-08-22 11:14:21"",""updated_at"":""2026-08-22 11:14:21"",""supplier_name"":""Lucky Cat Footwear Consultancy Ltd""}]",[]
3273,,1,0,0,,0,1,0,4,PS-FS-FKS-05,,4727ff25916697a65269354be29c8140,,c34198a6-c99a-4a65-bcfe-5ad6a9d7e9d3,0,16,-16,0,0,5065025866821,,,,,https://makeandsupplyltd.myhelm.app/storage/thumbnails/3273.jpg?v=1790096032,0,Pioneer Sports Fit Kit Boot Single (05 SLIM),0.600,0.0,0.0,0.0,1,1,0,0,,CN,4202129990,"Saddlery and harness for any animal (including traces, leads, knee pads, muzzles, saddle-cloths, saddlebags, dog coats and the like), of any material ",12.0000,,0,,1,0,{},0,0,,,0,0,1,,0,20.0000,2026-09-28 05:56:49,2026-08-07 11:48:28,2026-09-28 05:56:49,,,,,"[{""id"":10146,""type_id"":103,""parent_location_id"":null,""legacy_id"":null,""location_name"":""PR-KK-01-C-04"",""priority"":1002,""pickable"":1,""allow_box_splitting"":1,""allow_negative"":0,""on_hand_stock"":1,""warehouse_id"":7,""deleted"":0,""deleted_at"":null,""created_at"":""2026-08-08 15:10:56"",""updated_at"":""2026-09-28 05:56:49"",""iso_countries"":""[]"",""barcode"":""PR-KK-01-C-04"",""inventory_id"":3273,""location_id"":4710,""stock_level"":0,""stock_level_available"":0,""stock_max_level"":0,""stock_warn_level"":0,""location_priority"":1},{""id"":11687,""type_id"":101,""parent_location_id"":7,""legacy_id"":null,""location_name"":""UK-01-GOODS IN"",""priority"":1003,""pickable"":1,""allow_box_splitting"":1,""allow_negative"":0,""on_hand_stock"":1,""warehouse_id"":7,""deleted"":0,""deleted_at"":null,""created_at"":""2026-09-21 23:17:19"",""updated_at"":""2026-09-28 05:56:49"",""iso_countries"":""[]"",""barcode"":""UK-01-GOODS IN"",""inventory_id"":3273,""location_id"":3711,""stock_level"":0,""stock_level_available"":0,""stock_max_level"":0,""stock_warn_level"":0,""location_priority"":1500}]",https://makeandsupplyltd.myhelm.app/storage/thumbnails/3273.jpg?v=1790096032,"[""https://s3.eu-central-003.backblazeb2.com/helm-public/inventory-uploads/1a5a9460a164f31d122f8e67f1df578ef1645278/dl_image_Eo6Flv_1790095972.jpg""]","[{""id"":1397,""contact_id"":3745,""inventory_id"":3273,""active"":1,""primary_supplier"":0,""cost_price"":""0.0000"",""supplier_reference"":""PS-FS-FKS-05"",""minimum_order_quantity"":1,""minimum_pack_quantity"":1,""created_at"":""2026-08-22 11:14:01"",""updated_at"":""2026-08-22 11:14:01"",""supplier_name"":""Lucky Cat Footwear Consultancy Ltd""}]",[]
3274,,1,0,0,,0,1,0,4,PS-FS-FKS-04,,f09a63a3140d0b78329b25f086f15bd5,,fd22b24a-faf2-4816-a358-014929e67ce4,0,16,-16,0,0,5065025866814,,,,,https://makeandsupplyltd.myhelm.app/storage/thumbnails/3274.jpg?v=1790096032,0,Pioneer Sports Fit Kit Boot Single (04 SLIM),0.600,0.0,0.0,0.0,1,1,0,0,,CN,4202129990,"Saddlery and harness for any animal (including traces, leads, knee pads, muzzles, saddle-cloths, saddlebags, dog coats and the like), of any material ",12.0000,,0,,1,0,{},0,0,,,0,0,1,,0,20.0000,2026-09-28 05:56:49,2026-08-07 11:48:28,2026-09-28 05:56:49,,,,,"[{""id"":10141,""type_id"":103,""parent_location_id"":null,""legacy_id"":null,""location_name"":""PR-KK-01-C-03"",""priority"":1001,""pickable"":0,""allow_box_splitting"":1,""allow_negative"":0,""on_hand_stock"":0,""warehouse_id"":7,""deleted"":0,""deleted_at"":null,""created_at"":""2026-08-08 15:07:16"",""updated_at"":""2026-09-27 22:04:23"",""iso_countries"":""[]"",""barcode"":""PR-KK-01-C-03"",""inventory_id"":3274,""location_id"":4709,""stock_level"":5,""stock_level_available"":5,""stock_max_level"":0,""stock_warn_level"":0,""location_priority"":1},{""id"":11688,""type_id"":101,""parent_location_id"":7,""legacy_id"":null,""location_name"":""UK-01-GOODS IN"",""priority"":1002,""pickable"":1,""allow_box_splitting"":1,""allow_negative"":0,""on_hand_stock"":1,""warehouse_id"":7,""deleted"":0,""deleted_at"":null,""created_at"":""2026-09-21 23:18:45"",""updated_at"":""2026-09-28 05:56:49"",""iso_countries"":""[]"",""barcode"":""UK-01-GOODS IN"",""inventory_id"":3274,""location_id"":3711,""stock_level"":0,""stock_level_available"":0,""stock_max_level"":0,""stock_warn_level"":0,""location_priority"":1500}]",https://makeandsupplyltd.myhelm.app/storage/thumbnails/3274.jpg?v=1790096032,"[""https://s3.eu-central-003.backblazeb2.com/helm-public/inventory-uploads/7af0082c49a79024def8837e9c0dcf53c68a3a18/dl_image_ZwXX13_1790095971.jpg""]","[{""id"":1396,""contact_id"":3745,""inventory_id"":3274,""active"":1,""primary_supplier"":0,""cost_price"":""0.0000"",""supplier_reference"":""PS-FS-FKS-04"",""minimum_order_quantity"":1,""minimum_pack_quantity"":1,""created_at"":""2026-08-22 11:13:32"",""updated_at"":""2026-08-22 11:13:32"",""supplier_name"":""Lucky Cat Footwear Consultancy Ltd""}]",[]
3275,,1,0,0,,0,1,0,4,PS-FS-FKS-03,,46a2d1e2f76779b8b46cb8668e6147d1,,15f2432d-291f-4241-be09-8801a3d94904,0,11,-11,0,0,5065025866807,,,,,https://makeandsupplyltd.myhelm.app/storage/thumbnails/3275.jpg?v=1789679680,0,Pioneer Sports Fit Kit Boot Single (03 SLIM),0.600,0.0,0.0,0.0,1,1,0,0,,CN,4202129990,"Saddlery and harness for any animal (including traces, leads, knee pads, muzzles, saddle-cloths, saddlebags, dog coats and the like), of any material ",12.0000,,0,,1,0,{},0,0,,,0,0,1,,0,20.0000,2026-09-28 05:56:49,2026-08-07 11:48:28,2026-09-28 05:56:49,,,,,"[{""id"":10139,""type_id"":103,""parent_location_id"":null,""legacy_id"":null,""location_name"":""PR-KK-01-C-02"",""priority"":1001,""pickable"":1,""allow_box_splitting"":1,""allow_negative"":0,""on_hand_stock"":1,""warehouse_id"":7,""deleted"":0,""deleted_at"":null,""created_at"":""2026-08-08 15:06:04"",""updated_at"":""2026-09-28 05:56:49"",""iso_countries"":""[]"",""barcode"":""PR-KK-01-C-02"",""inventory_id"":3275,""location_id"":4708,""stock_level"":0,""stock_level_available"":0,""stock_max_level"":0,""stock_warn_level"":0,""location_priority"":1},{""id"":11689,""type_id"":101,""parent_location_id"":7,""legacy_id"":null,""location_name"":""UK-01-GOODS IN"",""priority"":1002,""pickable"":1,""allow_box_splitting"":1,""allow_negative"":0,""on_hand_stock"":1,""warehouse_id"":7,""deleted"":0,""deleted_at"":null,""created_at"":""2026-09-21 23:20:10"",""updated_at"":""2026-09-28 05:56:49"",""iso_countries"":""[]"",""barcode"":""UK-01-GOODS IN"",""inventory_id"":3275,""location_id"":3711,""stock_level"":0,""stock_level_available"":0,""stock_max_level"":0,""stock_warn_level"":0,""location_priority"":1500}]",https://makeandsupplyltd.myhelm.app/storage/thumbnails/3275.jpg?v=1789679680,"[""https://s3.eu-central-003.backblazeb2.com/helm-public/inventory-uploads/7cc2a0c143cef4090d65ea477e5dabaf073d9d74/dl_image_jKFd2W_1789679624.jpg""]","[{""id"":1400,""contact_id"":3745,""inventory_id"":3275,""active"":1,""primary_supplier"":0,""cost_price"":""0.0000"",""supplier_reference"":""PS-FS-FKS-03"",""minimum_order_quantity"":1,""minimum_pack_quantity"":1,""created_at"":""2026-08-22 11:14:53"",""updated_at"":""2026-08-22 11:14:53"",""supplier_name"":""Lucky Cat Footwear Consultancy Ltd""}]",[]
3276,,1,0,0,,0,1,0,4,PS-FS-FKS-02,,88e4e555e09647a79bd9d95511c09ba5,,4792cfff-2c7b-4f93-8c47-62cdb1f6703f,0,11,-11,0,0,5065027747029,,,,,https://makeandsupplyltd.myhelm.app/storage/thumbnails/3276.jpg?v=1789679680,0,Pioneer Sports Fit Kit Boot Single (02 SLIM),0.500,0.0,0.0,0.0,1,1,0,0,,CN,4202129990,"Saddlery and harness for any animal (including traces, leads, knee pads, muzzles, saddle-cloths, saddlebags, dog coats and the like), of any material ",12.0000,,0,,1,0,{},0,0,,,0,0,1,,0,20.0000,2026-09-28 05:56:49,2026-08-07 11:48:28,2026-09-28 05:56:49,,,,,"[{""id"":10137,""type_id"":103,""parent_location_id"":null,""legacy_id"":null,""location_name"":""PR-KK-01-C-01"",""priority"":1001,""pickable"":1,""allow_box_splitting"":1,""allow_negative"":0,""on_hand_stock"":1,""warehouse_id"":7,""deleted"":0,""deleted_at"":null,""created_at"":""2026-08-08 15:04:21"",""updated_at"":""2026-09-28 05:56:49"",""iso_countries"":""[]"",""barcode"":""PR-KK-01-C-01"",""inventory_id"":3276,""location_id"":4707,""stock_level"":0,""stock_level_available"":0,""stock_max_level"":0,""stock_warn_level"":0,""location_priority"":1}]",https://makeandsupplyltd.myhelm.app/storage/thumbnails/3276.jpg?v=1789679680,"[""https://s3.eu-central-003.backblazeb2.com/helm-public/inventory-uploads/7cbcfd3181901274a4e7963796baf6ef43a2bde3/dl_image_6RpX6a_1789679625.jpg""]","[{""id"":1399,""contact_id"":3745,""inventory_id"":3276,""active"":1,""primary_supplier"":0,""cost_price"":""0.0000"",""supplier_reference"":""PS-FS-FKS-02"",""minimum_order_quantity"":1,""minimum_pack_quantity"":1,""created_at"":""2026-08-22 11:14:39"",""updated_at"":""2026-08-22 11:14:39"",""supplier_name"":""Lucky Cat Footwear Consultancy Ltd""}]",[]
4577,,1,0,0,,0,0,0,1,Y13-INTERNAL-SUB,,13649246c55345633438bac1898dd1bf,,354da410-f12b-45e0-9224-1af2ad34bfc1,0,69,-69,0,0,,,,,,https://makeandsupplyltd.myhelm.app/storage/defaults/no-image.png,0,INTERNAL USE - Yummy Issue Thirteen Sub,0.000,0.0,0.0,0.0,5,1,0,0,,,,,0.0000,,0,,1,0,{},0,0,,,1,0,0,,0,20.0000,,2026-09-04 15:18:18,2026-09-28 05:56:49,,,,,[],https://makeandsupplyltd.myhelm.app/storage/defaults/no-image.png,[],[],[]
4425,,1,0,0,,0,1,0,1,Z13-JBP,,fbe1a282e311fae6b873f337bb2ddcb9,,97fd46e9-872b-4907-82cd-d5099038cdae,0,4,-4,0,0,,,,,,https://makeandsupplyltd.myhelm.app/storage/thumbnails/4425.png?v=1790566944,0,YUMMYZINE | ISSUE 13 Limited Edition Cover: JB Plumeau,1.200,0.0,0.0,0.0,5,1,0,0,,GB,490290,,42.0000,,0,,1,0,{},0,0,,,0,0,0,,0,20.0000,2026-09-22 15:12:16,2026-09-01 16:15:39,2026-09-28 05:56:48,,,,,[],https://makeandsupplyltd.myhelm.app/storage/thumbnails/4425.png?v=1790566944,"[""https://s3.eu-central-003.backblazeb2.com/helm-public/inventory-uploads/7c0cb05393cbb2f26b4542c82f1b865019bd4bc8/dl_image_xWbEiB_1790086421.png"",""https://s3.eu-central-003.backblazeb2.com/helm-public/inventory-uploads/7c0cb05393cbb2f26b4542c82f1b865019bd4bc8/dl_image_9QoqNz_1790480514.png""]",[],[]
4578,,1,0,0,,0,1,0,1,Z13-INTERNAL-SUB,,5c38f9d219d575ba96741c2503338412,,df83fabc-10d2-4db5-a5ec-c9a0fde7fa07,0,8,-8,0,0,,,,,,https://makeandsupplyltd.myhelm.app/storage/defaults/no-image.png,0,INTERNAL USE - Yummyzine Issue 13 Sub,2.200,0.0,0.0,0.0,5,1,0,0,,,,,32.0000,,0,,1,0,{},0,0,,,0,0,0,,0,20.0000,2026-09-15 16:36:03,2026-09-04 16:18:20,2026-09-28 05:56:48,,,,,[],https://makeandsupplyltd.myhelm.app/storage/defaults/no-image.png,[],[],[]
2559,,1,0,0,,0,1,0,1,sub-recurring-preorder-zine-13b-1,,186024074e049e770153c15773a804f1,,d860d413-f243-4c3b-8b0f-2214484b4319,0,3,-3,0,0,,,,,,https://makeandsupplyltd.myhelm.app/storage/thumbnails/2559.jpg?v=1789322931,0,YUMMYZINE | ISSUE 13 Subscribe & Save,0.000,0.0,0.0,0.0,1,1,0,0,,GB,49029000,"Bound Photobook with cover, printed with paper",42.0000,,0,,1,0,"{""sku-status-5"":""PRE-ORDER""}",0,0,,,0,0,0,,0,20.0000,2026-09-13 19:06:16,2026-06-18 21:39:27,2026-09-28 05:56:48,,,,,[],https://makeandsupplyltd.myhelm.app/storage/thumbnails/2559.jpg?v=1789322931,"[""https://s3.eu-central-003.backblazeb2.com/helm-public/inventory-uploads/01760934855705bcfafb8720f4b55abf8b1a4e29/dl_image_bvnlyJ_1789322869.jpg""]",[],[]
694,,1,0,0,0,0,1,0,2,3632-01,,0a300a7e61d0ccb3004ec590d1858131,,c32324a5-4ca8-44bc-be81-3dc3f71d1b04,66,1,65,66,0,051243073795,3632-01,,,,https://makeandsupplyltd.myhelm.app/storage/thumbnails/694.jpg?v=1790569779,1,FlightCrew? 5 22 Expandable Rollaboard?,5.350,26.7,38.7,63.5,1,1,0,0,,TH,4202129990,"Trunks, suitcases, vanity cases, executive-cases, briefcases, school satchels and similar containers",0.0000,0.0000,0,,1,0,[],0,0,1,,0,0,0,,0,20.0000,2026-09-28 05:28:42,2025-06-12 22:48:59,2026-09-28 05:29:40,,,,,"[{""id"":3158,""type_id"":5,""parent_location_id"":null,""legacy_id"":null,""location_name"":""PLT-0003"",""priority"":1013,""pickable"":0,""allow_box_splitting"":0,""allow_negative"":0,""on_hand_stock"":1,""warehouse_id"":7,""deleted"":0,""deleted_at"":null,""created_at"":""2026-02-12 18:56:42"",""updated_at"":""2026-09-28 05:28:42"",""iso_countries"":"""",""barcode"":""PLT-0003"",""inventory_id"":694,""location_id"":2268,""stock_level"":2,""stock_level_available"":2,""stock_max_level"":0,""stock_warn_level"":0,""location_priority"":0},{""id"":4026,""type_id"":5,""parent_location_id"":null,""legacy_id"":null,""location_name"":""P11000000000022202"",""priority"":1014,""pickable"":0,""allow_box_splitting"":1,""allow_negative"":0,""on_hand_stock"":1,""warehouse_id"":2541,""deleted"":0,""deleted_at"":null,""created_at"":""2026-03-02 01:30:45"",""updated_at"":""2026-09-28 05:28:42"",""iso_countries"":"""",""barcode"":""P11000000000022202"",""inventory_id"":694,""location_id"":3993,""stock_level"":6,""stock_level_available"":6,""stock_max_level"":0,""stock_warn_level"":0,""location_priority"":3000},{""id"":4027,""type_id"":5,""parent_location_id"":null,""legacy_id"":null,""location_name"":""P11000000000022288"",""priority"":1015,""pickable"":0,""allow_box_splitting"":1,""allow_negative"":0,""on_hand_stock"":1,""warehouse_id"":2541,""deleted"":0,""deleted_at"":null,""created_at"":""2026-03-02 01:30:57"",""updated_at"":""2026-09-28 05:28:42"",""iso_countries"":"""",""barcode"":""P11000000000022288"",""inventory_id"":694,""location_id"":3959,""stock_level"":22,""stock_level_available"":22,""stock_max_level"":0,""stock_warn_level"":0,""location_priority"":3000},{""id"":4787,""type_id"":5,""parent_location_id"":null,""legacy_id"":null,""location_name"":""P11000000000023152"",""priority"":1016,""pickable"":0,""allow_box_splitting"":1,""allow_negative"":0,""on_hand_stock"":1,""warehouse_id"":2541,""deleted"":0,""deleted_at"":null,""created_at"":""2026-03-30 19:44:10"",""updated_at"":""2026-09-28 05:28:42"",""iso_countries"":"""",""barcode"":""P11000000000023152"",""inventory_id"":694,""location_id"":4309,""stock_level"":12,""stock_level_available"":12,""stock_max_level"":0,""stock_warn_level"":0,""location_priority"":3000},{""id"":4881,""type_id"":5,""parent_location_id"":null,""legacy_id"":null,""location_name"":""P11000000000022744"",""priority"":1017,""pickable"":0,""allow_box_splitting"":1,""allow_negative"":0,""on_hand_stock"":1,""warehouse_id"":2541,""deleted"":0,""deleted_at"":null,""created_at"":""2026-03-30 20:45:31"",""updated_at"":""2026-09-28 05:28:42"",""iso_countries"":"""",""barcode"":""P11000000000022744"",""inventory_id"":694,""location_id"":4256,""stock_level"":1,""stock_level_available"":1,""stock_max_level"":0,""stock_warn_level"":0,""location_priority"":3000},{""id"":4882,""type_id"":5,""parent_location_id"":null,""legacy_id"":null,""location_name"":""P11000000000022751"",""priority"":1018,""pickable"":0,""allow_box_splitting"":1,""allow_negative"":0,""on_hand_stock"":1,""warehouse_id"":2541,""deleted"":0,""deleted_at"":null,""created_at"":""2026-03-30 20:45:39"",""updated_at"":""2026-09-28 05:28:42"",""iso_countries"":"""",""barcode"":""P11000000000022751"",""inventory_id"":694,""location_id"":4303,""stock_level"":1,""stock_level_available"":1,""stock_max_level"":0,""stock_warn_level"":0,""location_priority"":3000},{""id"":4883,""type_id"":5,""parent_location_id"":null,""legacy_id"":null,""location_name"":""P11000000000023151"",""priority"":1019,""pickable"":0,""allow_box_splitting"":1,""allow_negative"":0,""on_hand_stock"":1,""warehouse_id"":2541,""deleted"":0,""deleted_at"":null,""created_at"":""2026-03-30 20:45:48"",""updated_at"":""2026-09-28 05:28:42"",""iso_countries"":"""",""barcode"":""P11000000000023151"",""inventory_id"":694,""location_id"":4308,""stock_level"":9,""stock_level_available"":9,""stock_max_level"":0,""stock_warn_level"":0,""location_priority"":3000},{""id"":6149,""type_id"":102,""parent_location_id"":null,""legacy_id"":null,""location_name"":""FL-ZZ-03"",""priority"":1021,""pickable"":1,""allow_box_splitting"":1,""allow_negative"":0,""on_hand_stock"":1,""warehouse_id"":7,""deleted"":0,""deleted_at"":null,""created_at"":""2026-04-27 13:19:17"",""updated_at"":""2026-09-28 05:28:42"",""iso_countries"":"""",""barcode"":""FL-ZZ-03"",""inventory_id"":694,""location_id"":4539,""stock_level"":6,""stock_level_available"":6,""stock_max_level"":0,""stock_warn_level"":0,""location_priority"":1},{""id"":10743,""type_id"":102,""parent_location_id"":null,""legacy_id"":null,""location_name"":""MU-H-10"",""priority"":1022,""pickable"":1,""allow_box_splitting"":1,""allow_negative"":0,""on_hand_stock"":1,""warehouse_id"":7,""deleted"":0,""deleted_at"":null,""created_at"":""2026-08-25 17:02:14"",""updated_at"":""2026-09-28 05:28:42"",""iso_countries"":""[]"",""barcode"":""MU-H-10"",""inventory_id"":694,""location_id"":2322,""stock_level"":7,""stock_level_available"":7,""stock_max_level"":0,""stock_warn_level"":0,""location_priority"":18}]",https://makeandsupplyltd.myhelm.app/storage/thumbnails/694.jpg?v=1790569779,"[""https://s3.eu-central-003.backblazeb2.com/helm-public/inventory-uploads/85dd92e6fd81861dd0469fe548c696bbc01ac276/dl_image_sIO4R8_1790569693.jpg""]",[],[]
3258,,1,0,0,,0,1,0,4,PS-FS-BK-05,,80d9f31f894f85fe2c604780907c1bb1,,bcdb2746-c0a9-4810-9482-a8f4ec04a507,0,47,-47,0,0,5065025866951,,,,,https://makeandsupplyltd.myhelm.app/storage/thumbnails/3258.png?v=1790351987,0,Pioneer Sports Hoof Boot Single Slim (05 SLIM),0.600,0.0,0.0,0.0,1,1,0,0,,CN,4202129990,"Saddlery and harness for any animal (including traces, leads, knee pads, muzzles, saddle-cloths, saddlebags, dog coats and the like), of any material ",115.2000,,0,,1,0,{},0,0,,,0,0,0,,0,20.0000,2026-09-28 05:56:50,2026-08-05 17:21:37,2026-09-28 04:56:50,,,60.0000,,"[{""id"":10623,""type_id"":102,""parent_location_id"":null,""legacy_id"":null,""location_name"":""UK-01-RETURNS"",""priority"":1004,""pickable"":0,""allow_box_splitting"":1,""allow_negative"":0,""on_hand_stock"":0,""warehouse_id"":7,""deleted"":0,""deleted_at"":null,""created_at"":""2026-08-21 10:32:12"",""updated_at"":""2026-09-27 22:04:22"",""iso_countries"":""[]"",""barcode"":""UK-01-RETURNS"",""inventory_id"":3258,""location_id"":2338,""stock_level"":2,""stock_level_available"":2,""stock_max_level"":0,""stock_warn_level"":0,""location_priority"":10},{""id"":11328,""type_id"":103,""parent_location_id"":null,""legacy_id"":null,""location_name"":""PR-KK-01-B-04"",""priority"":1006,""pickable"":0,""allow_box_splitting"":1,""allow_negative"":0,""on_hand_stock"":0,""warehouse_id"":7,""deleted"":0,""deleted_at"":null,""created_at"":""2026-09-10 19:24:59"",""updated_at"":""2026-09-27 22:04:22"",""iso_countries"":""[]"",""barcode"":""PR-KK-01-B-04"",""inventory_id"":3258,""location_id"":4704,""stock_level"":28,""stock_level_available"":28,""stock_max_level"":0,""stock_warn_level"":0,""location_priority"":1},{""id"":11331,""type_id"":3,""parent_location_id"":null,""legacy_id"":null,""location_name"":""PR-KK-01-A-01"",""priority"":1007,""pickable"":0,""allow_box_splitting"":1,""allow_negative"":0,""on_hand_stock"":0,""warehouse_id"":7,""deleted"":0,""deleted_at"":null,""created_at"":""2026-09-10 20:07:28"",""updated_at"":""2026-09-27 22:04:22"",""iso_countries"":""[]"",""barcode"":""PR-KK-01-A-01"",""inventory_id"":3258,""location_id"":4756,""stock_level"":16,""stock_level_available"":16,""stock_max_level"":0,""stock_warn_level"":0,""location_priority"":21},{""id"":11561,""type_id"":101,""parent_location_id"":7,""legacy_id"":null,""location_name"":""UK-01-GOODS IN"",""priority"":1008,""pickable"":1,""allow_box_splitting"":1,""allow_negative"":0,""on_hand_stock"":1,""warehouse_id"":7,""deleted"":0,""deleted_at"":null,""created_at"":""2026-09-17 19:23:39"",""updated_at"":""2026-09-28 05:56:50"",""iso_countries"":""[]"",""barcode"":""UK-01-GOODS IN"",""inventory_id"":3258,""location_id"":3711,""stock_level"":0,""stock_level_available"":0,""stock_max_level"":0,""stock_warn_level"":0,""location_priority"":1500}]",https://makeandsupplyltd.myhelm.app/storage/thumbnails/3258.png?v=1790351987,"[""https://s3.eu-central-003.backblazeb2.com/helm-public/inventory-uploads/24e13bae4d3c02fd4fd7e588f9d994f224218fda/dl_image_zTG6o3_1790351896.png""]","[{""id"":991,""contact_id"":3745,""inventory_id"":3258,""active"":1,""primary_supplier"":0,""cost_price"":""0.0000"",""supplier_reference"":""PS-FS-BK-05"",""minimum_order_quantity"":1,""minimum_pack_quantity"":1,""created_at"":""2026-08-05 19:13:08"",""updated_at"":""2026-08-05 19:13:08"",""supplier_name"":""Lucky Cat Footwear Consultancy Ltd""}]",[]
3259,,1,0,0,,0,1,0,4,PS-FS-BK-04,,87a42cc4d5be884c6c6454acf00e8af6,,010cc861-fe16-4e13-b1ba-59ab51ae3ca9,0,54,-54,0,0,5065025866944,,,,,https://makeandsupplyltd.myhelm.app/storage/thumbnails/3259.png?v=1790452364,0,Pioneer Sports Hoof Boot Single Slim (04 SLIM),0.600,0.0,0.0,0.0,1,1,0,0,,CN,4202129990,"Saddlery and harness for any animal (including traces, leads, knee pads, muzzles, saddle-cloths, saddlebags, dog coats and the like), of any material ",115.2000,,0,,1,0,{},0,0,,,0,0,0,,0,20.0000,2026-09-28 05:56:50,2026-08-05 17:21:37,2026-09-28 04:56:50,,,,,"[{""id"":11327,""type_id"":103,""parent_location_id"":null,""legacy_id"":null,""location_name"":""PR-KK-01-B-03"",""priority"":1007,""pickable"":0,""allow_box_splitting"":1,""allow_negative"":0,""on_hand_stock"":0,""warehouse_id"":7,""deleted"":0,""deleted_at"":null,""created_at"":""2026-09-10 19:24:39"",""updated_at"":""2026-09-27 22:04:23"",""iso_countries"":""[]"",""barcode"":""PR-KK-01-B-03"",""inventory_id"":3259,""location_id"":4703,""stock_level"":12,""stock_level_available"":12,""stock_max_level"":0,""stock_warn_level"":0,""location_priority"":1},{""id"":11560,""type_id"":101,""parent_location_id"":7,""legacy_id"":null,""location_name"":""UK-01-GOODS IN"",""priority"":1008,""pickable"":1,""allow_box_splitting"":1,""allow_negative"":0,""on_hand_stock"":1,""warehouse_id"":7,""deleted"":0,""deleted_at"":null,""created_at"":""2026-09-17 19:23:27"",""updated_at"":""2026-09-28 05:56:50"",""iso_countries"":""[]"",""barcode"":""UK-01-GOODS IN"",""inventory_id"":3259,""location_id"":3711,""stock_level"":0,""stock_level_available"":0,""stock_max_level"":0,""stock_warn_level"":0,""location_priority"":1500}]",https://makeandsupplyltd.myhelm.app/storage/thumbnails/3259.png?v=1790452364,"[""https://s3.eu-central-003.backblazeb2.com/helm-public/inventory-uploads/1fd8a974e593f224e12329adc6811a5187cd4588/dl_image_ErQyrF_1790452271.png""]","[{""id"":992,""contact_id"":3745,""inventory_id"":3259,""active"":1,""primary_supplier"":0,""cost_price"":""0.0000"",""supplier_reference"":""PS-FS-BK-04"",""minimum_order_quantity"":1,""minimum_pack_quantity"":1,""created_at"":""2026-08-05 19:13:29"",""updated_at"":""2026-08-05 19:13:29"",""supplier_name"":""Lucky Cat Footwear Consultancy Ltd""}]",[]
3271,,1,0,0,,0,1,0,4,PS-F-BK-06,,13f2f5d4e7b3e3c85a6e496a06a9e783,,ba5bce7a-91fb-46fe-85eb-59afe850567c,0,13,-13,0,0,5065025866067,PS-F-BK-06,,,,https://makeandsupplyltd.myhelm.app/storage/thumbnails/3271.png?v=1790313410,0,Pioneer Sports Hoof Boot Single (06),0.700,0.0,0.0,0.0,1,1,0,0,,CN,4202129990,"Saddlery and harness for any animal (including traces, leads, knee pads, muzzles, saddle-cloths, saddlebags, dog coats and the like), of any material ",115.2000,,0,,1,0,{},0,0,,,0,0,0,,0,20.0000,2026-09-28 05:56:50,2026-08-07 11:48:28,2026-09-28 04:56:50,,,,,"[{""id"":11132,""type_id"":103,""parent_location_id"":null,""legacy_id"":null,""location_name"":""PR-KK-02-B-05"",""priority"":11,""pickable"":0,""allow_box_splitting"":1,""allow_negative"":0,""on_hand_stock"":0,""warehouse_id"":7,""deleted"":0,""deleted_at"":null,""created_at"":""2026-09-03 19:51:41"",""updated_at"":""2026-09-27 22:04:23"",""iso_countries"":""[]"",""barcode"":""PR-KK-02-B-05"",""inventory_id"":3271,""location_id"":4748,""stock_level"":20,""stock_level_available"":14,""stock_max_level"":0,""stock_warn_level"":0,""location_priority"":11},{""id"":11338,""type_id"":3,""parent_location_id"":null,""legacy_id"":null,""location_name"":""PR-KK-02-A-01"",""priority"":1004,""pickable"":0,""allow_box_splitting"":1,""allow_negative"":0,""on_hand_stock"":0,""warehouse_id"":7,""deleted"":0,""deleted_at"":null,""created_at"":""2026-09-10 20:29:15"",""updated_at"":""2026-09-27 22:04:23"",""iso_countries"":""[]"",""barcode"":""PR-KK-02-A-01"",""inventory_id"":3271,""location_id"":4757,""stock_level"":27,""stock_level_available"":27,""stock_max_level"":0,""stock_warn_level"":0,""location_priority"":21},{""id"":11690,""type_id"":101,""parent_location_id"":7,""legacy_id"":null,""location_name"":""UK-01-GOODS IN"",""priority"":1005,""pickable"":1,""allow_box_splitting"":1,""allow_negative"":0,""on_hand_stock"":1,""warehouse_id"":7,""deleted"":0,""deleted_at"":null,""created_at"":""2026-09-21 23:24:57"",""updated_at"":""2026-09-28 05:56:49"",""iso_countries"":""[]"",""barcode"":""UK-01-GOODS IN"",""inventory_id"":3271,""location_id"":3711,""stock_level"":0,""stock_level_available"":0,""stock_max_level"":0,""stock_warn_level"":0,""location_priority"":1500}]",https://makeandsupplyltd.myhelm.app/storage/thumbnails/3271.png?v=1790313410,"[""https://s3.eu-central-003.backblazeb2.com/helm-public/inventory-uploads/e4703305100f236d8a5618260c946678d8f2a7f2/dl_image_OsBPdB_1790313311.png""]","[{""id"":999,""contact_id"":3745,""inventory_id"":3271,""active"":1,""primary_supplier"":0,""cost_price"":""0.0000"",""supplier_reference"":""PS-F-BK-06"",""minimum_order_quantity"":1,""minimum_pack_quantity"":1,""created_at"":""2026-08-08 22:24:42"",""updated_at"":""2026-08-08 22:24:42"",""supplier_name"":""Lucky Cat Footwear Consultancy Ltd""}]",[]
4611,,1,0,0,,0,1,0,1,YL-BRYCE-04D,,1aacd1619c41eaac96368b8893d603f0,,2a73e480-52d6-40d8-84f8-bf7d3e6fdf09,0,0,0,0,0,,,,,,https://makeandsupplyltd.myhelm.app/storage/thumbnails/4611.jpg?v=1790566946,0,"BRYCE | YUMMY LIMITED, ISSUE FOUR (Limited Edition Book Series) Digital Book (via active Yummy+ subscription)",0.000,0.0,0.0,0.0,5,1,0,0,,,,,80.0000,,0,,1,0,{},0,0,,,0,0,0,,0,20.0000,,2026-09-18 16:30:42,2026-09-28 04:42:26,,,,,[],https://makeandsupplyltd.myhelm.app/storage/thumbnails/4611.jpg?v=1790566946,"[""https://s3.eu-central-003.backblazeb2.com/helm-public/inventory-uploads/f4c1f841720619c700674699b95a20ba329d4e4d/dl_image_2OZdIA_1789745572.png"",""https://s3.eu-central-003.backblazeb2.com/helm-public/inventory-uploads/f4c1f841720619c700674699b95a20ba329d4e4d/dl_image_EgwapO_1790480514.jpg""]",[],[]
4402,,1,0,0,,0,1,0,1,Y12-UM,Y12-UM,a8154247101238242f93eec2fd257eba,,e4616122-acdc-4ad4-b8c6-de2f3815bb3d,831,134,697,819,0,5065024669386,Y12-UM,,,,https://makeandsupplyltd.myhelm.app/storage/thumbnails/4402.jpg?v=1790566944,0,YUMMY | ISSUE TWELVE - Ugo Marchal,2.100,0.0,0.0,0.0,1,1,0,0,,GB,49029000,"Bound Photobook with cover, printed with paper",10.0000,,0,,1,0,{},0,0,1,,0,0,0,,0,20.0000,2026-09-28 02:52:36,2026-08-17 22:39:17,2026-09-28 04:42:24,,,10.0000,,"[{""id"":11508,""type_id"":103,""parent_location_id"":null,""legacy_id"":null,""location_name"":""DROP-2"",""priority"":1000,""pickable"":1,""allow_box_splitting"":1,""allow_negative"":0,""on_hand_stock"":1,""warehouse_id"":7,""deleted"":0,""deleted_at"":null,""created_at"":""2026-09-16 20:32:51"",""updated_at"":""2026-09-28 02:52:36"",""iso_countries"":""[]"",""barcode"":""DROP-2"",""inventory_id"":4402,""location_id"":4696,""stock_level"":831,""stock_level_available"":819,""stock_max_level"":0,""stock_warn_level"":0,""location_priority"":1013}]",https://makeandsupplyltd.myhelm.app/storage/thumbnails/4402.jpg?v=1790566944,"[""https://s3.eu-central-003.backblazeb2.com/helm-public/inventory-uploads/f0cdeaf3df9ae509e7fc787ed8790b8f29158641/dl_image_2yokFp_1790560363.jpg""]","[{""id"":1406,""contact_id"":52,""inventory_id"":4402,""active"":1,""primary_supplier"":0,""cost_price"":""0.0000"",""supplier_reference"":""Y12-UM"",""minimum_order_quantity"":1,""minimum_pack_quantity"":1,""created_at"":""2026-08-24 18:08:36"",""updated_at"":""2026-08-24 18:08:36"",""supplier_name"":""AlexSandover Ltd""}]",[]
4083,,1,0,0,,0,1,0,1,YC2027,,46bc9f4762c2948df989207c8065e4c0,,cbcb7d69-44e9-44b4-8ed6-fc38003ebeb0,425,90,335,413,0,5065024669263,,,,,https://makeandsupplyltd.myhelm.app/storage/thumbnails/4083.png?v=1790566943,0,2027 Calendar - Yummy,0.600,0.0,0.0,0.0,1,1,0,0,,GB,49100000,Printed Photographic Calendar with Spiral Binding,10.0000,10.0000,0,,1,0,"{""sku-status-5"":""PRE-ORDER""}",0,0,1,,0,0,0,,0,20.0000,2026-09-27 23:59:43,2026-08-11 22:42:15,2026-09-28 04:42:24,,,,,"[{""id"":11510,""type_id"":103,""parent_location_id"":null,""legacy_id"":null,""location_name"":""DROP-4"",""priority"":1000,""pickable"":1,""allow_box_splitting"":1,""allow_negative"":0,""on_hand_stock"":1,""warehouse_id"":7,""deleted"":0,""deleted_at"":null,""created_at"":""2026-09-16 20:41:59"",""updated_at"":""2026-09-27 23:59:43"",""iso_countries"":""[]"",""barcode"":""DROP-4"",""inventory_id"":4083,""location_id"":4698,""stock_level"":424,""stock_level_available"":413,""stock_max_level"":0,""stock_warn_level"":0,""location_priority"":1013},{""id"":11813,""type_id"":null,""parent_location_id"":null,""legacy_id"":null,""location_name"":""Picked"",""priority"":1001,""pickable"":0,""allow_box_splitting"":1,""allow_negative"":0,""on_hand_stock"":1,""warehouse_id"":6,""deleted"":0,""deleted_at"":null,""created_at"":""2026-09-24 08:21:21"",""updated_at"":""2026-09-27 23:58:45"",""iso_countries"":"""",""barcode"":""Picked"",""inventory_id"":4083,""location_id"":3,""stock_level"":1,""stock_level_available"":0,""stock_max_level"":0,""stock_warn_level"":0,""location_priority"":1000}]",https://makeandsupplyltd.myhelm.app/storage/thumbnails/4083.png?v=1790566943,"[""https://s3.eu-central-003.backblazeb2.com/helm-public/inventory-uploads/b2a670241d52ffd364d79ce76755dccfb91818a3/dl_image_XtEUxc_1790549928.png""]",[],[]
2583,,1,0,0,,0,1,0,1,JP-Fineart-Y12-REAR-A1,,0645ac268dcf5e92e6e7702703cb557f,,f9d732cb-524a-484a-a38c-47fba3a1ad1a,0,0,0,0,0,,,,,,https://makeandsupplyltd.myhelm.app/storage/thumbnails/2583.jpg?v=1790566942,0,Nicolas Fouillot - Yummyzine 12 Fine Art Print Laying / A1 (84.1 × 59.4 cm),1.500,0.0,0.0,0.0,5,1,0,0,,GB,491191,,380.0000,,0,,1,0,{},0,0,,,0,0,0,,0,20.0000,,2026-07-03 21:57:36,2026-09-28 04:42:23,,,,,[],https://makeandsupplyltd.myhelm.app/storage/thumbnails/2583.jpg?v=1790566942,"[""https://s3.eu-central-003.backblazeb2.com/helm-public/inventory-uploads/f9c488dbdb3517719ba531bd9eef3e31bafaec0e/dl_image_XUpazp_1783112427.jpg"",""https://s3.eu-central-003.backblazeb2.com/helm-public/inventory-uploads/f9c488dbdb3517719ba531bd9eef3e31bafaec0e/dl_image_ZnQOq7_1783500828.jpg"",""https://s3.eu-central-003.backblazeb2.com/helm-public/inventory-uploads/f9c488dbdb3517719ba531bd9eef3e31bafaec0e/dl_image_IUvNVM_1789918909.jpg"",""https://s3.eu-central-003.backblazeb2.com/helm-public/inventory-uploads/f9c488dbdb3517719ba531bd9eef3e31bafaec0e/dl_image_O4RrW6_1790137609.jpg""]",[],[]
2584,,1,0,0,,0,1,0,1,JP-Fineart-Y12-REAR-A0,,396427983e45817ec9c9d386f54e2b73,,b035d857-1364-44e4-80d2-bac9d63d6dfc,0,0,0,0,0,,,,,,https://makeandsupplyltd.myhelm.app/storage/thumbnails/2584.jpg?v=1790566943,0,Nicolas Fouillot - Yummyzine 12 Fine Art Print Laying / AO (118.9 × 84.1 cm),1.800,0.0,0.0,0.0,5,1,0,0,,GB,491191,,582.5000,,0,,1,0,{},0,0,,,0,0,0,,0,20.0000,,2026-07-03 21:57:36,2026-09-28 04:42:23,,,,,[],https://makeandsupplyltd.myhelm.app/storage/thumbnails/2584.jpg?v=1790566943,"[""https://s3.eu-central-003.backblazeb2.com/helm-public/inventory-uploads/0f19ec0f43aeb2b5ec5489b66cf75812d3def2d1/dl_image_4cq3zS_1783112428.jpg"",""https://s3.eu-central-003.backblazeb2.com/helm-public/inventory-uploads/0f19ec0f43aeb2b5ec5489b66cf75812d3def2d1/dl_image_DZ14rz_1783500828.jpg"",""https://s3.eu-central-003.backblazeb2.com/helm-public/inventory-uploads/0f19ec0f43aeb2b5ec5489b66cf75812d3def2d1/dl_image_2zCm4W_1789918910.jpg"",""https://s3.eu-central-003.backblazeb2.com/helm-public/inventory-uploads/0f19ec0f43aeb2b5ec5489b66cf75812d3def2d1/dl_image_hB2T4L_1790137609.jpg""]",[],[]
